0, 0,0,0
1070, 8796,957,127
1125, 8714,1001,110
0, 0,0,0
95, 9746,1102,7
1153, 8680,986,131
96, 9816,1031,7
94, 9739,1108,9
1130, 8765,947,108
0, 0,0,0
95, 9773,1070,12
88, 9775,1077,10
0, 0,0,0
1045, 8794,981,130
0, 0,0,0
84, 9806,1047,13
0, 0,0,0
88, 9801,1052,9
95, 9791,1053,11
86, 9731,1116,17
1117, 8724,984,125
1122, 8729,993,106
1077, 8774,990,109
1161, 8658,1003,128
1041, 8805,990,114
0, 0,0,0
0, 0,0,0
0, 0,0,0
1133, 8768,940,109
1118, 8704,1022,106
0, 0,0,0
87, 9808,1045,10
0, 0,0,0
0, 0,0,0
1078, 8736,1005,131
93, 9751,1096,10
85, 9819,1031,15
82, 9774,1080,14
92, 9796,1053,9
0, 0,0,0
1159, 8704,960,127
0, 0,0,0
1139, 8712,976,123
1130, 8715,960,145
102, 9757,1075,16
1097, 8727,990,136
0, 0,0,0
1158, 8734,925,133
0, 0,0,0
0, 0,0,0
0, 0,0,0
94, 9763,1081,12
1118, 8715,1000,117
0, 0,0,0
93, 9770,1074,13
89, 9759,1087,15
1196, 8712,930,112
89, 9769,1083,9
0, 0,0,0
89, 9819,1033,9
953, 8887,985,125
1117, 8727,988,118
1114, 8735,983,118
0, 0,0,0
1023, 8835,986,106
1137, 8704,967,142
0, 0,0,0
1163, 8682,972,133
0, 0,0,0
0, 0,0,0
89, 9774,1080,7
1030, 8821,979,120
0, 0,0,0
0, 0,0,0
82, 9741,1115,12
1101, 8698,1002,149
1116, 8783,934,117
0, 0,0,0
1126, 8674,1035,115
1062, 8764,995,129
1146, 8719,971,114
0, 0,0,0
1109, 8768,962,111
1135, 8685,1003,127
92, 9780,1069,9
1158, 8664,996,132
1086, 8750,977,137
87, 9785,1065,13
92, 9753,1092,13
79, 9734,1125,12
99, 9748,1095,8
0, 0,0,0
1155, 8713,966,116
1119, 8806,945,80
82, 9729,1126,13
1061, 8801,975,113
1183, 8686,949,132
1043, 8748,1037,122
1161, 8707,968,114
91, 9765,1089,5
1068, 8769,985,128
88, 9759,1092,11
112, 9767,1056,15
0, 0,0,0
0, 0,0,0
103, 9757,1081,9
0, 0,0,0
89, 9776,1074,11
99, 9759,1079,13
0, 0,0,0
1089, 8726,1004,131
0, 0,0,0
91, 9791,1064,4
1156, 8705,963,126
0, 0,0,0
85, 9790,1063,12
0, 0,0,0
0, 0,0,0
1051, 8815,936,148
71, 9764,1103,12
0, 0,0,0
94, 9791,1061,4
86, 9773,1081,10
103, 9794,1045,8
1146, 8755,936,113
1079, 8808,930,133
101, 9688,1152,9
94, 9751,1094,11
0, 0,0,0
104, 9735,1102,9
1116, 8789,936,109
77, 9781,1078,14
0, 0,0,0
1115, 8705,995,135
1087, 8785,965,113
1206, 8622,961,161
1112, 8766,968,104
0, 0,0,0
0, 0,0,0
1132, 8726,985,107
79, 9732,1131,8
0, 0,0,0
994, 8821,1018,117
1115, 8730,962,143
0, 0,0,0
1168, 8713,940,129
88, 9763,1082,17
76, 9823,1043,8
89, 9826,1024,11
0, 0,0,0
1067, 8798,962,123
94, 9728,1117,11
84, 9798,1062,6
0, 0,0,0
0, 0,0,0
86, 9803,1052,9
0, 0,0,0
1123, 8689,1014,124
1143, 8680,1010,117
0, 0,0,0
0, 0,0,0
81, 9786,1071,12
0, 0,0,0
0, 0,0,0
87, 9734,1120,9
75, 9761,1106,8
1086, 8772,966,126
1163, 8682,967,138
0, 0,0,0
1120, 8675,1035,120
1115, 8723,994,118
1075, 8789,982,104
93, 9758,1094,5
94, 9740,1100,16
94, 9753,1094,9
85, 9778,1074,13
82, 9750,1107,11
0, 0,0,0
1017, 8817,1006,110
1158, 8719,958,115
88, 9754,1096,12
0, 0,0,0
1121, 8697,1027,105
0, 0,0,0
94, 9818,1026,12
0, 0,0,0
0, 0,0,0
0, 0,0,0
71, 9761,1111,7
104, 9766,1068,12
88, 9700,1150,12
0, 0,0,0
0, 0,0,0
1170, 8674,988,118
83, 9781,1077,9
88, 9802,1050,10
0, 0,0,0
0, 0,0,0
100, 9720,1116,14
1103, 8762,949,136
0, 0,0,0
78, 9772,1092,8
1113, 8742,976,119
0, 0,0,0
96, 9788,1057,9
96, 9763,1084,7
1111, 8767,947,125
1141, 8669,1018,122
1117, 8790,932,111
1079, 8842,912,117
95, 9690,1157,8
87, 9820,1034,9
0, 0,0,0
84, 9743,1114,9
1050, 8805,978,117
1065, 8774,990,121
989, 8847,1011,103
0, 0,0,0
959, 8907,965,119
0, 0,0,0
85, 9748,1103,14
0, 0,0,0
97, 9779,1063,11
91, 9798,1052,9
100, 9747,1092,11
0, 0,0,0
95, 9764,1081,10
87, 9776,1078,9
0, 0,0,0
82, 9778,1080,10
1063, 8735,1026,126
1161, 8691,966,132
1089, 8745,995,121
0, 0,0,0
0, 0,0,0
80, 9802,1052,16
1047, 8817,973,113
0, 0,0,0
0, 0,0,0
0, 0,0,0
0, 0,0,0
0, 0,0,0
1035, 8841,951,123
0, 0,0,0
88, 9756,1091,15
89, 9783,1068,10
95, 9778,1071,6
0, 0,0,0
94, 9761,1084,11
0, 0,0,0
1128, 8765,948,109
0, 0,0,0
93, 9706,1134,17
87, 9799,1050,14
0, 0,0,0
0, 0,0,0
80, 9811,1049,10
0, 0,0,0
1085, 8762,982,121
0, 0,0,0
93, 9714,1133,10
105, 9755,1082,8
0, 0,0,0
1109, 8788,931,122
1108, 8713,991,138
85, 9767,1089,9
104, 9795,1037,14
0, 0,0,0
1078, 8771,991,110
1076, 8823,944,107
0, 0,0,0
1073, 8807,955,115
96, 9730,1115,9
1088, 8756,983,123
1221, 8666,935,128
0, 0,0,0
0, 0,0,0
1071, 8763,1009,107
1106, 8804,908,132
98, 9773,1071,8
0, 0,0,0
0, 0,0,0
1091, 8781,959,119
0, 0,0,0
97, 9768,1078,7
0, 0,0,0
1183, 8673,977,117
0, 0,0,0
1132, 8700,985,133
1111, 8768,956,115
0, 0,0,0
1164, 8706,932,148
0, 0,0,0
82, 9759,1099,10
85, 9747,1110,8
92, 9817,1031,10
85, 9776,1077,12
90, 9771,1081,8
0, 0,0,0
0, 0,0,0
81, 8678,2173,18
973, 7778,1965,234
0, 0,0,0
0, 0,0,0
0, 0,0,0
93, 8659,2185,13
0, 0,0,0
81, 8627,2222,20
63, 8708,2154,25
1080, 7697,1912,261
88, 8644,2199,19
950, 7807,1975,218
79, 8582,2270,19
952, 7847,1909,242
0, 0,0,0
0, 0,0,0
0, 0,0,0
70, 8636,2211,33
78, 8596,2258,18
86, 8658,2181,25
0, 0,0,0
1014, 7743,1946,247
951, 7722,2023,254
74, 8701,2151,24
0, 0,0,0
0, 0,0,0
83, 8687,2161,19
962, 7773,1945,270
1001, 7814,1916,219
1015, 7712,1989,234
80, 8656,2199,15
73, 8682,2171,24
92, 8675,2166,17
935, 7797,1967,251
81, 8716,2133,20
77, 8748,2113,12
1012, 7759,1926,253
0, 0,0,0
73, 8670,2192,15
0, 0,0,0
1030, 7732,1945,243
80, 8718,2134,18
0, 0,0,0
76, 8663,2189,22
905, 7849,1930,266
910, 7838,1963,239
984, 7735,1987,244
70, 8671,2178,31
82, 8654,2192,22
955, 7885,1887,223
970, 7830,1891,259
991, 7781,1976,202
0, 0,0,0
0, 0,0,0
0, 0,0,0
0, 0,0,0
78, 8725,2125,22
972, 7804,1960,214
0, 0,0,0
907, 7855,1951,237
73, 8719,2137,21
0, 0,0,0
1022, 7718,1949,261
78, 8730,2126,16
76, 8625,2228,21
64, 8693,2165,28
0, 0,0,0
81, 8687,2163,19
1040, 7696,1938,276
88, 8750,2094,18
0, 0,0,0
1009, 7785,1912,244
81, 8659,2184,26
1029, 7821,1854,246
73, 8766,2094,17
83, 8670,2183,14
0, 0,0,0
81, 8699,2151,19
964, 7796,1969,221
83, 8705,2144,18
947, 7851,1897,255
0, 0,0,0
0, 0,0,0
70, 8716,2139,25
973, 7779,1971,227
91, 8664,2176,19
0, 0,0,0
928, 7843,1949,230
921, 7792,1990,247
93, 8676,2157,24
991, 7747,1947,265
89, 8715,2126,20
0, 0,0,0
0, 0,0,0
0, 0,0,0
0, 0,0,0
954, 7834,1919,243
997, 7818,1887,248
83, 8668,2177,22
75, 8673,2176,26
973, 7769,1962,246
991, 7749,1996,214
971, 7789,1921,269
0, 0,0,0
83, 8709,2139,19
86, 8635,2212,17
0, 0,0,0
87, 8651,2191,21
0, 0,0,0
75, 8673,2178,24
0, 0,0,0
1008, 7695,2000,247
1020, 7780,1904,246
92, 8645,2191,22
77, 8674,2182,17
918, 7836,1974,222
922, 7818,1985,225
77, 8628,2228,17
80, 8668,2178,24
0, 0,0,0
77, 8682,2174,17
1012, 7732,1946,260
0, 0,0,0
0, 0,0,0
0, 0,0,0
978, 7784,1942,246
84, 8668,2179,19
836, 7919,1973,222
975, 7716,1979,280
1012, 7761,1952,225
87, 8658,2182,23
85, 8715,2127,23
76, 8698,2155,21
856, 7816,2024,254
78, 8651,2197,24
84, 8648,2205,13
0, 0,0,0
76, 8658,2188,28
0, 0,0,0
0, 0,0,0
1077, 7744,1865,264
0, 0,0,0
79, 8710,2140,21
81, 8721,2137,11
992, 7805,1918,235
1072, 7741,1872,265
83, 8695,2152,20
81, 8661,2180,28
998, 7702,2015,235
996, 7772,1910,272
999, 7799,1919,233
0, 0,0,0
1001, 7768,1944,237
66, 8676,2182,26
0, 0,0,0
1004, 7739,1981,226
0, 0,0,0
0, 0,0,0
0, 0,0,0
1055, 7731,1939,225
0, 0,0,0
944, 7909,1837,260
89, 8665,2173,23
71, 8605,2249,25
73, 8686,2167,24
0, 0,0,0
84, 8664,2190,12
0, 0,0,0
87, 8693,2153,17
75, 8688,2159,28
0, 0,0,0
983, 7761,1957,249
994, 7787,1938,231
0, 0,0,0
87, 8627,2221,15
84, 8732,2108,26
1007, 7790,1898,255
1009, 7673,2011,257
0, 0,0,0
0, 0,0,0
0, 0,0,0
0, 0,0,0
0, 0,0,0
90, 8662,2179,19
1021, 7698,1954,277
900, 7850,1954,246
1074, 7736,1862,278
75, 8717,2132,26
69, 8675,2183,23
0, 0,0,0
1032, 7753,1927,238
0, 0,0,0
78, 8692,2156,24
87, 8715,2133,15
0, 0,0,0
75, 8717,2136,22
0, 0,0,0
75, 8707,2142,26
912, 7913,1881,244
934, 7887,1892,237
878, 7822,2009,241
0, 0,0,0
81, 8692,2156,21
1010, 7720,1951,269
953, 7823,1959,215
0, 0,0,0
71, 8638,2216,25
0, 0,0,0
1023, 7755,1902,270
984, 7774,1939,253
0, 0,0,0
905, 7837,1964,244
0, 0,0,0
0, 0,0,0
0, 0,0,0
91, 8685,2157,17
0, 0,0,0
69, 8681,2178,22
92, 8629,2213,16
990, 7714,1990,256
875, 7902,1957,216
1016, 7817,1889,228
966, 7874,1860,250
85, 8706,2145,14
0, 0,0,0
0, 0,0,0
75, 8691,2164,20
0, 0,0,0
83, 8702,2141,24
960, 7769,1982,239
0, 0,0,0
85, 8649,2192,24
79, 8614,2235,22
0, 0,0,0
951, 7776,1995,228
0, 0,0,0
0, 0,0,0
0, 0,0,0
971, 7816,1918,245
0, 0,0,0
896, 7800,2004,250
72, 8650,2202,26
910, 7791,1990,259
85, 8658,2187,20
926, 7798,1981,245
0, 0,0,0
1030, 7749,1929,242
0, 0,0,0
0, 0,0,0
90, 8580,2258,22
0, 0,0,0
1021, 7803,1900,226
970, 7797,1933,250
935, 7915,1884,216
97, 8635,2203,15
0, 0,0,0
0, 0,0,0
0, 0,0,0
78, 8639,2218,15
0, 0,0,0
0, 0,0,0
967, 7744,2012,227
0, 0,0,0
69, 8761,2098,22
86, 8646,2192,26
0, 0,0,0
84, 8707,2142,17
0, 0,0,0
1035, 7659,1971,285
0, 0,0,0
0, 0,0,0
0, 0,0,0
0, 0,0,0
990, 7700,2021,239
1029, 7793,1878,250
0, 0,0,0
0, 0,0,0
92, 8683,2156,19
1063, 7668,1948,271
1101, 7649,1944,256
0, 0,0,0
947, 7801,1960,242
78, 8660,2188,24
79, 8648,2214,9
909, 7881,1949,211
75, 8578,2270,27
1023, 7701,1968,258
1091, 7690,1918,251
90, 8662,2175,23
1060, 7701,1911,278
0, 0,0,0
963, 7831,1917,239
81, 8733,2116,20
960, 7792,1960,238
0, 0,0,0
0, 0,0,0
0, 0,0,0
1020, 7816,1815,299
78, 8720,2126,26
1002, 7743,1938,267
74, 7568,3281,27
846, 6766,2988,350
841, 6869,2913,327
73, 7613,3232,32
0, 0,0,0
886, 6759,2962,343
82, 7673,3163,32
0, 0,0,0
0, 0,0,0
72, 7743,3105,30
66, 7478,3376,30
75, 7582,3263,30
862, 6797,2932,359
67, 7568,3282,33
0, 0,0,0
80, 7454,3383,33
0, 0,0,0
890, 6803,2872,385
921, 6690,2904,435
854, 6838,2895,363
68, 7541,3320,21
0, 0,0,0
0, 0,0,0
80, 7573,3268,29
908, 6834,2803,405
74, 7605,3247,24
0, 0,0,0
79, 7615,3226,30
0, 0,0,0
0, 0,0,0
0, 0,0,0
0, 0,0,0
0, 0,0,0
74, 7642,3202,32
80, 7593,3245,32
0, 0,0,0
0, 0,0,0
77, 7559,3280,34
78, 7573,3268,31
814, 6851,2941,344
0, 0,0,0
71, 7571,3280,28
69, 7613,3233,35
70, 7507,3332,41
78, 7559,3279,34
848, 6793,2924,385
865, 6873,2870,342
74, 7674,3177,25
79, 7606,3233,32
0, 0,0,0
881, 6767,2928,374
80, 7519,3324,27
0, 0,0,0
851, 6780,2951,368
0, 0,0,0
0, 0,0,0
876, 6743,2909,422
0, 0,0,0
82, 7520,3325,23
74, 7558,3287,31
0, 0,0,0
0, 0,0,0
0, 0,0,0
73, 7631,3216,30
795, 6875,2946,334
76, 7602,3233,39
864, 6711,2917,458
58, 7670,3192,30
0, 0,0,0
62, 7586,3279,23
0, 0,0,0
0, 0,0,0
854, 6776,2959,361
0, 0,0,0
75, 7596,3244,35
0, 0,0,0
905, 6700,2950,395
817, 6861,2911,361
0, 0,0,0
70, 7556,3290,34
80, 7536,3308,26
0, 0,0,0
845, 6740,3021,344
78, 7575,3262,35
900, 6750,2931,369
0, 0,0,0
60, 7529,3322,39
80, 7588,3248,34
0, 0,0,0
895, 6791,2902,362
0, 0,0,0
77, 7622,3225,26
0, 0,0,0
853, 6856,2894,347
61, 7616,3247,26
925, 6767,2870,388
0, 0,0,0
874, 6829,2872,375
65, 7568,3277,40
67, 7599,3262,22
807, 6835,2968,340
899, 6758,2914,379
0, 0,0,0
73, 7529,3316,32
78, 7612,3241,19
0, 0,0,0
898, 6735,2936,381
925, 6675,2961,389
69, 7608,3240,33
858, 6827,2941,324
0, 0,0,0
800, 6854,2930,366
794, 6822,2967,367
864, 6890,2829,367
58, 7603,3262,27
869, 6731,2952,398
870, 6831,2892,357
0, 0,0,0
938, 6692,2909,411
0, 0,0,0
890, 6772,2857,431
0, 0,0,0
70, 7578,3271,31
80, 7644,3201,25
69, 7696,3157,28
68, 7560,3285,37
0, 0,0,0
815, 6861,2910,364
921, 6767,2886,376
814, 6825,2911,400
0, 0,0,0
68, 7617,3239,26
0, 0,0,0
73, 7587,3266,24
873, 6715,2968,394
0, 0,0,0
0, 0,0,0
0, 0,0,0
881, 6773,2907,389
830, 6898,2858,364
0, 0,0,0
0, 0,0,0
78, 7571,3266,35
67, 7546,3307,30
65, 7518,3343,24
0, 0,0,0
0, 0,0,0
0, 0,0,0
820, 6881,2895,354
918, 6820,2789,423
69, 7543,3305,33
897, 6774,2906,373
69, 7566,3283,32
869, 6845,2831,405
0, 0,0,0
65, 7596,3254,35
0, 0,0,0
0, 0,0,0
809, 6852,2942,347
900, 6840,2858,352
70, 7587,3263,30
70, 7617,3229,34
928, 6829,2814,379
908, 6686,2949,407
920, 6746,2897,387
69, 7593,3255,33
0, 0,0,0
854, 6836,2919,341
0, 0,0,0
819, 6852,2900,379
0, 0,0,0
0, 0,0,0
790, 6919,2880,361
0, 0,0,0
904, 6702,2964,380
81, 7528,3316,25
0, 0,0,0
865, 6855,2879,351
68, 7635,3222,25
86, 7585,3255,24
0, 0,0,0
70, 7581,3275,24
920, 6747,2916,367
0, 0,0,0
65, 7566,3288,31
69, 7668,3177,36
0, 0,0,0
63, 7698,3159,30
57, 7522,3337,34
909, 6788,2854,399
0, 0,0,0
0, 0,0,0
957, 6762,2833,398
58, 7608,3249,35
65, 7565,3299,21
76, 7578,3259,37
950, 6694,2880,426
926, 6789,2874,361
0, 0,0,0
0, 0,0,0
63, 7619,3231,37
0, 0,0,0
909, 6677,2988,376
73, 7504,3347,26
72, 7556,3293,29
67, 7631,3215,37
66, 7666,3194,24
0, 0,0,0
787, 6807,3003,353
87, 7613,3228,22
61, 7639,3220,30
0, 0,0,0
778, 6807,2988,377
782, 6848,2939,381
72, 7556,3296,26
893, 6871,2826,360
0, 0,0,0
783, 6883,2942,342
0, 0,0,0
0, 0,0,0
68, 7563,3298,21
80, 7547,3301,22
854, 6824,2903,369
0, 0,0,0
0, 0,0,0
851, 6838,2926,335
0, 0,0,0
0, 0,0,0
912, 6759,2888,391
71, 7651,3200,28
73, 7690,3165,22
76, 7666,3179,29
861, 6845,2890,354
889, 6790,2913,358
78, 7597,3242,33
831, 6807,2941,371
77, 7539,3294,40
822, 6812,2943,373
0, 0,0,0
920, 6788,2831,411
0, 0,0,0
0, 0,0,0
61, 7654,3196,39
848, 6857,2871,374
0, 0,0,0
72, 7596,3252,30
906, 6715,2941,388
0, 0,0,0
987, 6618,2921,424
869, 6754,2929,398
78, 7552,3287,33
58, 7628,3235,29
75, 7527,3322,26
0, 0,0,0
883, 6793,2888,386
873, 6767,2913,397
0, 0,0,0
67, 7535,3325,23
0, 0,0,0
810, 6937,2851,352
812, 6726,3020,392
67, 7496,3354,33
872, 6879,2816,383
768, 6874,2946,362
875, 6764,2955,356
0, 0,0,0
0, 0,0,0
887, 6742,2936,385
0, 0,0,0
0, 0,0,0
63, 7539,3317,31
0, 0,0,0
0, 0,0,0
66, 7590,3262,32
906, 6809,2820,415
841, 6834,2882,393
0, 0,0,0
0, 0,0,0
867, 6838,2849,396
0, 0,0,0
855, 6845,2872,378
0, 0,0,0
62, 7614,3237,37
923, 6827,2830,370
834, 6804,2953,359
809, 6898,2925,318
61, 7525,3331,33
66, 7578,3285,21
826, 6809,2926,389
0, 0,0,0
0, 0,0,0
0, 0,0,0
65, 7583,3270,32
80, 7544,3298,28
881, 6744,2917,408
71, 7625,3221,33
69, 7705,3136,40
904, 6806,2907,333
889, 6821,2913,327
854, 6940,2798,358
810, 5827,3796,517
796, 5771,3802,581
764, 5750,3899,537
0, 0,0,0
756, 5840,3864,490
0, 0,0,0
0, 0,0,0
798, 5707,3901,544
60, 6569,4286,35
846, 5772,3798,534
62, 6536,4308,44
0, 0,0,0
62, 6590,4254,44
756, 5848,3852,494
808, 5811,3803,528
0, 0,0,0
0, 0,0,0
0, 0,0,0
0, 0,0,0
753, 5768,3931,498
0, 0,0,0
0, 0,0,0
818, 5742,3841,549
0, 0,0,0
58, 6455,4389,48
49, 6551,4306,44
779, 5856,3790,525
0, 0,0,0
0, 0,0,0
813, 5757,3837,543
658, 5833,3981,478
780, 5883,3788,499
57, 6511,4339,43
0, 0,0,0
70, 6481,4357,42
0, 0,0,0
63, 6605,4242,40
62, 6583,4269,36
0, 0,0,0
65, 6511,4339,35
60, 6488,4359,43
0, 0,0,0
57, 6479,4369,45
56, 6449,4402,43
735, 5869,3837,509
0, 0,0,0
827, 5825,3738,560
56, 6555,4302,37
62, 6444,4411,33
711, 5939,3808,492
727, 5895,3829,499
750, 5846,3853,501
0, 0,0,0
764, 5738,3914,534
0, 0,0,0
0, 0,0,0
748, 5769,3922,511
749, 5885,3794,522
763, 5794,3878,515
761, 5898,3765,526
55, 6496,4346,53
734, 5770,3916,530
717, 5801,3936,496
773, 5754,3896,527
746, 5827,3875,502
729, 5904,3849,468
0, 0,0,0
762, 5819,3862,507
60, 6510,4329,51
772, 5803,3853,522
0, 0,0,0
0, 0,0,0
0, 0,0,0
765, 5821,3852,512
0, 0,0,0
62, 6484,4355,49
53, 6513,4340,44
736, 5875,3886,453
0, 0,0,0
837, 5807,3794,512
56, 6551,4302,41
56, 6515,4327,52
67, 6487,4365,31
690, 5890,3922,448
731, 5824,3923,472
0, 0,0,0
55, 6547,4302,46
0, 0,0,0
745, 5813,3926,466
754, 5819,3867,510
732, 5833,3924,461
70, 6525,4317,38
56, 6534,4319,41
0, 0,0,0
743, 5814,3896,497
717, 5818,3939,476
0, 0,0,0
670, 5917,3886,477
0, 0,0,0
55, 6510,4354,31
820, 5769,3834,527
0, 0,0,0
57, 6459,4385,49
0, 0,0,0
730, 5793,3935,492
0, 0,0,0
62, 6588,4266,34
62, 6543,4301,44
54, 6557,4300,39
63, 6570,4269,48
0, 0,0,0
62, 6498,4347,43
48, 6596,4269,37
0, 0,0,0
749, 5771,3933,497
763, 5848,3844,495
0, 0,0,0
827, 5822,3757,544
0, 0,0,0
0, 0,0,0
0, 0,0,0
69, 6422,4425,34
0, 0,0,0
0, 0,0,0
0, 0,0,0
56, 6494,4359,41
775, 5847,3798,530
0, 0,0,0
0, 0,0,0
52, 6444,4412,42
755, 5793,3885,517
678, 5914,3904,454
769, 5791,3863,527
68, 6484,4358,40
764, 5852,3878,456
728, 5772,3959,491
0, 0,0,0
63, 6607,4234,46
799, 5846,3809,496
747, 5826,3927,450
702, 5847,3927,474
0, 0,0,0
50, 6504,4349,47
59, 6565,4278,48
65, 6443,4399,43
0, 0,0,0
0, 0,0,0
0, 0,0,0
65, 6518,4331,36
0, 0,0,0
61, 6550,4292,47
664, 5900,3931,455
0, 0,0,0
0, 0,0,0
0, 0,0,0
66, 6469,4380,35
0, 0,0,0
0, 0,0,0
64, 6524,4330,32
62, 6556,4284,48
0, 0,0,0
0, 0,0,0
716, 5902,3826,506
0, 0,0,0
0, 0,0,0
0, 0,0,0
47, 6576,4276,51
66, 6544,4303,37
53, 6484,4370,43
0, 0,0,0
61, 6505,4344,40
727, 5854,3872,497
62, 6525,4316,47
64, 6499,4352,35
685, 5943,3888,434
52, 6482,4368,48
679, 5910,3903,458
60, 6477,4369,44
55, 6537,4317,41
67, 6503,4340,40
767, 5803,3893,487
0, 0,0,0
765, 5784,3880,521
677, 5963,3891,419
62, 6487,4364,37
0, 0,0,0
0, 0,0,0
59, 6435,4419,37
775, 5771,3830,574
713, 5842,3915,480
0, 0,0,0
0, 0,0,0
718, 5817,3912,503
66, 6536,4314,34
0, 0,0,0
0, 0,0,0
807, 5816,3831,496
0, 0,0,0
63, 6479,4371,37
721, 5888,3820,521
0, 0,0,0
816, 5823,3766,545
58, 6524,4327,41
0, 0,0,0
712, 5893,3855,490
44, 6535,4326,45
69, 6418,4428,35
744, 5836,3903,467
713, 5834,3927,476
0, 0,0,0
61, 6585,4270,34
795, 5798,3906,451
734, 5908,3820,488
66, 6563,4277,44
59, 6471,4375,45
71, 6469,4382,28
64, 6473,4391,22
60, 6472,4382,36
758, 5754,3912,526
63, 6581,4260,46
0, 0,0,0
64, 6568,4280,38
0, 0,0,0
0, 0,0,0
62, 6535,4314,39
741, 5872,3902,435
63, 6512,4333,42
51, 6490,4367,42
727, 5837,3931,455
55, 6486,4361,48
49, 6409,4439,53
73, 6515,4343,19
745, 5815,3953,437
61, 6482,4372,35
735, 5852,3894,469
0, 0,0,0
731, 5845,3888,486
60, 6536,4312,42
0, 0,0,0
0, 0,0,0
0, 0,0,0
767, 5743,3892,548
59, 6452,4391,48
0, 0,0,0
0, 0,0,0
0, 0,0,0
0, 0,0,0
0, 0,0,0
61, 6494,4350,45
56, 6494,4356,44
740, 5898,3839,473
0, 0,0,0
778, 5778,3906,488
740, 5836,3847,527
61, 6429,4417,43
66, 6512,4333,39
0, 0,0,0
64, 6425,4420,41
66, 6606,4243,35
65, 6461,4391,33
45, 6539,4318,48
67, 6441,4400,42
56, 6551,4296,47
706, 5907,3882,455
0, 0,0,0
705, 5831,3914,500
750, 5739,3928,533
72, 6429,4409,40
0, 0,0,0
0, 0,0,0
58, 6596,4262,34
0, 0,0,0
67, 6480,4363,40
677, 5918,3856,499
663, 5986,3831,470
0, 0,0,0
66, 6473,4371,40
55, 6629,4224,42
0, 0,0,0
0, 0,0,0
765, 5799,3894,492
0, 0,0,0
55, 6424,4425,46
772, 5649,3999,530
0, 0,0,0
726, 5923,3815,486
714, 5934,3821,481
57, 6469,4380,44
56, 6532,4321,41
0, 0,0,0
60, 6547,4303,40
767, 5856,3749,578
736, 5815,3923,476
769, 5908,3776,497
0, 0,0,0
0, 0,0,0
69, 6492,4355,34
732, 5727,3996,495
814, 5861,3788,487
667, 5941,3859,483
0, 0,0,0
692, 4689,4867,702
51, 5399,5447,53
0, 0,0,0
650, 4804,4859,637
42, 5418,5454,36
656, 4929,4734,631
629, 4884,4848,589
627, 4820,4865,638
53, 5463,5385,49
40, 5331,5528,51
653, 4813,4868,616
0, 0,0,0
62, 5417,5430,41
0, 0,0,0
50, 5493,5353,54
685, 4769,4809,687
0, 0,0,0
669, 4793,4855,633
0, 0,0,0
0, 0,0,0
0, 0,0,0
50, 5487,5367,46
673, 4833,4834,610
539, 4874,4921,616
49, 5339,5506,56
0, 0,0,0
644, 4771,4881,654
695, 4801,4760,694
558, 4896,4935,561
0, 0,0,0
619, 4850,4855,626
0, 0,0,0
0, 0,0,0
50, 5435,5409,56
627, 4840,4837,646
578, 4807,5003,562
46, 5430,5416,58
43, 5368,5487,52
630, 4906,4827,587
605, 4909,4850,586
48, 5483,5366,53
620, 4851,4910,569
620, 4782,4911,637
52, 5476,5369,53
639, 4789,4842,680
46, 5438,5414,52
562, 4906,4877,605
45, 5396,5457,52
0, 0,0,0
0, 0,0,0
47, 5370,5477,56
0, 0,0,0
568, 4853,4928,601
0, 0,0,0
625, 4832,4880,613
0, 0,0,0
55, 5406,5444,45
666, 4790,4861,633
50, 5335,5511,54
58, 5446,5398,48
0, 0,0,0
622, 4856,4833,639
0, 0,0,0
0, 0,0,0
612, 4879,4811,648
0, 0,0,0
648, 4787,4835,680
0, 0,0,0
586, 4901,4884,579
620, 4845,4858,627
47, 5432,5423,48
601, 4861,4821,667
570, 4954,4850,576
40, 5503,5350,57
58, 5387,5455,50
48, 5397,5456,49
53, 5496,5355,46
51, 5403,5454,42
639, 4912,4772,627
587, 4908,4828,627
658, 4856,4760,676
48, 5384,5473,45
654, 4897,4770,629
49, 5429,5409,63
61, 5390,5452,47
40, 5499,5367,44
609, 4864,4844,633
42, 5461,5386,61
54, 5402,5446,48
0, 0,0,0
0, 0,0,0
542, 4902,4950,556
0, 0,0,0
58, 5424,5417,51
647, 4755,4877,671
613, 4779,4891,667
48, 5490,5356,56
645, 4888,4783,634
0, 0,0,0
0, 0,0,0
0, 0,0,0
62, 5421,5424,43
0, 0,0,0
0, 0,0,0
56, 5440,5416,38
51, 5438,5413,48
0, 0,0,0
52, 5373,5472,53
577, 4937,4856,580
61, 5415,5426,48
57, 5420,5436,37
0, 0,0,0
62, 5290,5556,42
0, 0,0,0
599, 4850,4895,606
531, 4926,4913,580
0, 0,0,0
43, 5424,5428,55
40, 5451,5409,50
53, 5355,5494,48
0, 0,0,0
51, 5454,5391,54
0, 0,0,0
0, 0,0,0
666, 4801,4876,607
506, 4966,4912,566
45, 5523,5319,63
645, 4819,4825,661
603, 4798,4900,649
565, 4852,4941,592
53, 5491,5349,57
599, 4881,4914,556
589, 4875,4822,664
616, 4845,4893,596
584, 4922,4829,615
45, 5434,5419,52
0, 0,0,0
0, 0,0,0
0, 0,0,0
52, 5469,5377,52
0, 0,0,0
0, 0,0,0
0, 0,0,0
0, 0,0,0
0, 0,0,0
593, 4876,4851,630
49, 5403,5451,47
0, 0,0,0
629, 4803,4879,639
0, 0,0,0
0, 0,0,0
47, 5368,5479,56
0, 0,0,0
662, 4909,4697,682
693, 4809,4791,657
0, 0,0,0
636, 4795,4890,629
0, 0,0,0
48, 5349,5497,56
598, 4842,4920,590
0, 0,0,0
639, 4842,4844,625
632, 4910,4785,623
587, 4909,4802,652
55, 5278,5573,44
639, 4820,4842,649
0, 0,0,0
568, 4863,4939,580
38, 5380,5483,49
52, 5318,5530,50
55, 5450,5388,57
662, 4887,4774,627
0, 0,0,0
50, 5462,5392,46
532, 4944,4915,559
649, 4873,4826,602
659, 4865,4759,667
632, 4857,4822,639
0, 0,0,0
0, 0,0,0
0, 0,0,0
57, 5365,5477,51
0, 0,0,0
595, 4926,4855,574
645, 4925,4789,591
48, 5386,5460,56
0, 0,0,0
593, 4901,4928,528
609, 4887,4838,616
57, 5483,5358,52
51, 5489,5349,61
47, 5417,5441,45
0, 0,0,0
46, 5308,5544,52
607, 4880,4838,625
54, 5426,5427,43
631, 4913,4791,615
0, 0,0,0
638, 4888,4850,574
49, 5421,5432,48
0, 0,0,0
602, 4820,4930,598
53, 5376,5475,46
60, 5456,5397,37
535, 4845,4989,581
53, 5488,5352,57
47, 5440,5401,62
0, 0,0,0
0, 0,0,0
53, 5409,5442,46
0, 0,0,0
0, 0,0,0
0, 0,0,0
564, 4841,4958,587
628, 4834,4825,663
601, 4956,4801,592
0, 0,0,0
588, 4867,4933,562
689, 4813,4755,693
57, 5390,5458,45
0, 0,0,0
0, 0,0,0
0, 0,0,0
508, 4997,4864,581
47, 5438,5416,49
679, 4821,4764,686
57, 5423,5421,49
49, 5405,5456,40
46, 5476,5381,47
0, 0,0,0
637, 4852,4782,679
53, 5471,5375,51
0, 0,0,0
57, 5484,5361,48
633, 4825,4896,596
0, 0,0,0
0, 0,0,0
59, 5476,5367,48
0, 0,0,0
0, 0,0,0
50, 5308,5547,45
64, 5392,5457,37
44, 5502,5351,53
0, 0,0,0
635, 4790,4852,673
624, 4799,4918,609
59, 5437,5403,51
41, 5467,5399,43
49, 5400,5448,53
0, 0,0,0
41, 5530,5324,55
0, 0,0,0
56, 5364,5493,37
53, 5425,5426,46
0, 0,0,0
0, 0,0,0
46, 5449,5399,56
649, 4781,4917,603
0, 0,0,0
50, 5462,5390,48
0, 0,0,0
0, 0,0,0
660, 4910,4709,671
46, 5357,5492,55
0, 0,0,0
713, 4723,4859,655
47, 5436,5421,46
636, 4837,4755,722
56, 5439,5409,46
61, 5349,5498,42
0, 0,0,0
0, 0,0,0
59, 5449,5397,45
54, 5455,5397,44
0, 0,0,0
638, 4828,4874,610
608, 4939,4847,556
45, 5383,5472,50
0, 0,0,0
0, 0,0,0
45, 5510,5340,55
48, 5438,5403,61
0, 0,0,0
0, 0,0,0
584, 4809,4978,579
636, 4879,4773,662
48, 5400,5448,54
0, 0,0,0
40, 5492,5365,53
0, 0,0,0
695, 4890,4736,629
52, 5447,5398,53
0, 0,0,0
633, 4905,4779,633
0, 0,0,0
0, 0,0,0
0, 0,0,0
611, 4849,4850,640
0, 0,0,0
0, 0,0,0
46, 4381,6470,53
451, 3902,5912,685
0, 0,0,0
0, 0,0,0
413, 3998,5926,613
0, 0,0,0
0, 0,0,0
0, 0,0,0
493, 3919,5823,715
0, 0,0,0
471, 3936,5840,703
33, 4321,6532,64
0, 0,0,0
490, 3868,5833,759
42, 4393,6439,76
0, 0,0,0
438, 3929,5869,714
0, 0,0,0
500, 3926,5800,724
45, 4327,6519,59
0, 0,0,0
0, 0,0,0
0, 0,0,0
453, 3867,5913,717
0, 0,0,0
0, 0,0,0
0, 0,0,0
0, 0,0,0
500, 3953,5803,694
483, 3983,5762,722
524, 3850,5844,732
0, 0,0,0
45, 4256,6583,66
473, 3870,5850,757
45, 4355,6488,62
543, 3842,5687,878
488, 3831,5857,774
42, 4332,6506,70
0, 0,0,0
0, 0,0,0
50, 4340,6506,54
471, 3868,5897,714
457, 3895,5888,710
41, 4259,6598,52
504, 3878,5843,725
39, 4302,6554,55
0, 0,0,0
504, 3916,5814,716
39, 4364,6490,57
515, 3852,5796,787
459, 3989,5722,780
539, 3829,5812,770
466, 3866,5934,684
475, 3968,5825,682
0, 0,0,0
33, 4272,6572,73
534, 3868,5795,753
462, 3888,5835,765
466, 3839,5919,726
0, 0,0,0
435, 3936,5911,668
460, 3905,5841,744
0, 0,0,0
458, 3928,5882,682
39, 4381,6470,60
529, 3876,5743,802
0, 0,0,0
34, 4346,6511,59
0, 0,0,0
0, 0,0,0
0, 0,0,0
544, 3841,5800,765
42, 4335,6517,56
38, 4425,6428,59
37, 4339,6512,62
0, 0,0,0
43, 4449,6400,58
502, 3876,5764,808
516, 3836,5861,737
474, 3863,5954,659
544, 3820,5771,815
481, 3882,5817,770
37, 4351,6493,69
0, 0,0,0
45, 4285,6560,60
0, 0,0,0
46, 4316,6525,63
31, 4318,6539,62
41, 4347,6505,57
39, 4297,6558,56
0, 0,0,0
0, 0,0,0
0, 0,0,0
49, 4362,6490,49
0, 0,0,0
431, 3817,6009,693
36, 4356,6491,67
0, 0,0,0
44, 4281,6561,64
35, 4290,6556,69
0, 0,0,0
0, 0,0,0
480, 3821,6002,647
0, 0,0,0
500, 3950,5753,747
45, 4375,6461,69
565, 3962,5718,705
542, 3840,5753,815
536, 3817,5879,718
50, 4280,6553,67
0, 0,0,0
479, 3944,5774,753
31, 4394,6461,64
544, 3810,5763,833
0, 0,0,0
41, 4316,6545,48
0, 0,0,0
0, 0,0,0
492, 3895,5793,770
45, 4418,6418,69
0, 0,0,0
44, 4372,6482,52
545, 3906,5686,813
45, 4296,6549,60
42, 4323,6521,64
40, 4313,6536,61
47, 4319,6528,56
36, 4387,6459,68
492, 3885,5864,709
0, 0,0,0
506, 3957,5734,753
39, 4324,6531,56
496, 3891,5802,761
0, 0,0,0
45, 4353,6497,55
40, 4465,6387,58
0, 0,0,0
0, 0,0,0
31, 4328,6530,61
41, 4321,6530,58
484, 3853,5850,763
38, 4343,6521,48
0, 0,0,0
0, 0,0,0
0, 0,0,0
518, 3883,5796,753
37, 4356,6493,64
0, 0,0,0
0, 0,0,0
0, 0,0,0
33, 4336,6515,66
499, 3887,5781,783
0, 0,0,0
47, 4301,6536,66
546, 3921,5759,724
0, 0,0,0
472, 3915,5828,735
574, 3808,5760,808
531, 3870,5803,746
0, 0,0,0
0, 0,0,0
37, 4363,6475,75
445, 3951,5837,717
492, 3850,5942,666
473, 3864,5857,756
0, 0,0,0
0, 0,0,0
507, 3872,5877,694
0, 0,0,0
35, 4329,6519,67
47, 4409,6428,66
38, 4382,6460,70
34, 4366,6492,58
0, 0,0,0
0, 0,0,0
474, 3869,5933,674
43, 4356,6491,60
41, 4246,6595,68
0, 0,0,0
508, 3943,5801,698
46, 4323,6528,53
0, 0,0,0
479, 4007,5727,737
0, 0,0,0
0, 0,0,0
475, 3820,5919,736
35, 4385,6470,60
466, 3868,5919,697
0, 0,0,0
49, 4271,6569,61
38, 4291,6547,74
46, 4298,6545,61
37, 4359,6484,70
439, 3918,5892,701
40, 4333,6510,67
466, 3985,5756,743
39, 4240,6612,59
532, 3869,5796,753
0, 0,0,0
499, 3977,5761,713
459, 3886,5945,660
0, 0,0,0
516, 3826,5899,709
39, 4346,6516,49
477, 3950,5742,781
499, 3932,5706,813
437, 3961,5838,714
493, 3762,5940,755
0, 0,0,0
464, 3925,5884,677
525, 3832,5812,781
49, 4265,6573,63
0, 0,0,0
37, 4273,6579,61
40, 4311,6537,62
36, 4309,6528,77
38, 4336,6514,62
31, 4296,6563,60
37, 4288,6557,68
0, 0,0,0
487, 3833,5918,712
0, 0,0,0
38, 4315,6536,61
0, 0,0,0
491, 3850,5858,751
424, 3938,5858,730
33, 4376,6474,67
0, 0,0,0
438, 3886,5952,674
470, 3958,5783,739
478, 3809,5943,720
0, 0,0,0
0, 0,0,0
0, 0,0,0
432, 3934,5907,677
46, 4293,6545,66
0, 0,0,0
41, 4314,6539,56
40, 4268,6589,53
544, 3907,5710,789
32, 4383,6463,72
41, 4415,6435,59
0, 0,0,0
493, 3865,5816,776
51, 4388,6451,60
0, 0,0,0
0, 0,0,0
0, 0,0,0
539, 3901,5743,767
446, 3941,5885,678
537, 3809,5774,830
0, 0,0,0
43, 4280,6569,58
513, 3883,5813,741
0, 0,0,0
29, 4308,6547,66
0, 0,0,0
0, 0,0,0
0, 0,0,0
47, 4369,6481,53
472, 3921,5796,761
46, 4366,6478,60
0, 0,0,0
45, 4342,6497,66
0, 0,0,0
41, 4326,6526,57
34, 4436,6415,65
0, 0,0,0
46, 4472,6378,54
0, 0,0,0
46, 4279,6566,59
522, 3852,5830,746
474, 3861,5911,704
461, 3845,5912,732
0, 0,0,0
32, 4345,6507,66
43, 4337,6513,57
0, 0,0,0
27, 4326,6531,66
0, 0,0,0
40, 4353,6493,64
0, 0,0,0
445, 3910,5875,720
41, 4366,6482,61
475, 3894,5807,774
520, 3757,5822,851
41, 4321,6536,52
40, 4319,6531,60
489, 3864,5837,760
544, 3759,5841,806
0, 0,0,0
0, 0,0,0
40, 4329,6524,57
0, 0,0,0
43, 4326,6521,60
491, 3872,5825,762
40, 4311,6540,59
39, 4329,6516,66
45, 4284,6554,67
0, 0,0,0
28, 3274,7571,77
32, 3323,7530,65
380, 2839,6804,927
386, 2960,6724,880
368, 2937,6762,883
0, 0,0,0
28, 3215,7627,80
331, 2888,6802,929
337, 3037,6749,827
0, 0,0,0
0, 0,0,0
433, 2880,6731,906
31, 3191,7653,75
24, 3280,7582,64
386, 2895,6814,855
358, 2908,6854,830
28, 3279,7571,72
402, 2879,6837,832
388, 2902,6787,873
0, 0,0,0
0, 0,0,0
0, 0,0,0
332, 2951,6782,885
377, 2910,6813,850
0, 0,0,0
23, 3362,7492,73
33, 3264,7579,74
0, 0,0,0
394, 2822,6846,888
31, 3338,7509,72
0, 0,0,0
32, 3200,7638,80
0, 0,0,0
0, 0,0,0
0, 0,0,0
36, 3199,7638,77
0, 0,0,0
417, 2838,6723,972
352, 2910,6848,840
28, 3259,7593,70
31, 3300,7541,78
334, 3067,6699,850
26, 3278,7580,66
33, 3284,7569,64
33, 3272,7576,69
356, 2920,6845,829
0, 0,0,0
0, 0,0,0
20, 3198,7662,70
29, 3240,7607,74
372, 2907,6742,929
0, 0,0,0
0, 0,0,0
33, 3279,7567,71
0, 0,0,0
0, 0,0,0
0, 0,0,0
30, 3296,7560,64
30, 3370,7473,77
395, 2866,6806,883
358, 2920,6769,903
387, 2902,6783,878
30, 3265,7580,75
0, 0,0,0
365, 2897,6803,885
31, 3294,7560,65
352, 2992,6798,808
394, 2819,6865,872
373, 2931,6819,827
38, 3296,7551,65
342, 2937,6828,843
0, 0,0,0
35, 3227,7625,63
25, 3327,7516,82
33, 3324,7523,70
414, 2909,6707,920
364, 2974,6785,827
0, 0,0,0
0, 0,0,0
334, 2837,6897,882
39, 3186,7653,72
0, 0,0,0
0, 0,0,0
313, 2958,6955,724
381, 2961,6741,867
0, 0,0,0
34, 3267,7577,72
0, 0,0,0
0, 0,0,0
35, 3356,7501,58
387, 2898,6773,892
356, 2882,6793,919
0, 0,0,0
0, 0,0,0
38, 3224,7610,78
34, 3327,7527,62
389, 2887,6811,863
377, 2791,6813,969
0, 0,0,0
0, 0,0,0
30, 3127,7717,76
29, 3261,7595,65
0, 0,0,0
30, 3280,7565,75
34, 3305,7543,68
392, 2935,6808,815
367, 2898,6866,819
0, 0,0,0
356, 2945,6869,780
357, 2830,6799,964
358, 2912,6773,907
408, 2843,6775,924
0, 0,0,0
35, 3255,7583,77
41, 3238,7601,70
347, 2944,6834,825
34, 3263,7575,78
381, 2924,6762,883
355, 2943,6867,785
363, 2894,6876,817
31, 3242,7614,63
412, 2932,6714,892
346, 2926,6905,773
328, 2995,6824,803
368, 2964,6709,909
32, 3246,7604,68
374, 2859,6836,881
30, 3099,7739,82
393, 2951,6746,860
31, 3272,7572,75
22, 3211,7644,73
33, 3302,7534,81
0, 0,0,0
29, 3249,7603,69
0, 0,0,0
0, 0,0,0
24, 3288,7560,78
35, 3333,7511,71
0, 0,0,0
24, 3264,7594,68
0, 0,0,0
0, 0,0,0
31, 3318,7537,64
0, 0,0,0
0, 0,0,0
24, 3283,7575,68
0, 0,0,0
0, 0,0,0
26, 3255,7581,88
31, 3241,7595,83
40, 3197,7653,60
0, 0,0,0
0, 0,0,0
366, 2898,6856,830
0, 0,0,0
37, 3242,7610,61
379, 2846,6794,931
26, 3267,7589,68
0, 0,0,0
0, 0,0,0
29, 3269,7570,82
31, 3272,7575,72
0, 0,0,0
0, 0,0,0
0, 0,0,0
32, 3246,7604,68
419, 2943,6652,936
361, 2931,6849,809
0, 0,0,0
20, 3296,7559,75
374, 2865,6874,837
32, 3311,7541,66
0, 0,0,0
0, 0,0,0
0, 0,0,0
389, 2865,6858,838
367, 2923,6904,756
32, 3216,7638,64
0, 0,0,0
0, 0,0,0
0, 0,0,0
0, 0,0,0
363, 2964,6774,849
355, 2881,6817,897
347, 2926,6832,845
421, 2932,6690,907
365, 2910,6769,906
20, 3263,7596,71
0, 0,0,0
400, 2938,6748,864
0, 0,0,0
31, 3273,7575,71
27, 3270,7575,78
379, 2890,6862,819
347, 2977,6853,773
0, 0,0,0
435, 2894,6653,968
394, 2848,6760,948
0, 0,0,0
365, 2893,6785,907
29, 3307,7543,71
382, 2877,6808,883
0, 0,0,0
32, 3242,7604,72
410, 2915,6674,951
0, 0,0,0
0, 0,0,0
38, 3254,7586,72
381, 2950,6779,840
0, 0,0,0
380, 2946,6814,810
27, 3155,7699,69
389, 2885,6823,853
348, 2876,6805,921
0, 0,0,0
386, 2896,6763,905
0, 0,0,0
34, 3296,7558,62
0, 0,0,0
0, 0,0,0
32, 3226,7618,74
0, 0,0,0
26, 3319,7533,72
367, 2976,6754,853
356, 2868,6897,829
0, 0,0,0
34, 3268,7584,64
37, 3278,7574,61
0, 0,0,0
0, 0,0,0
29, 3210,7633,78
375, 2970,6811,794
33, 3251,7593,73
0, 0,0,0
378, 2901,6758,913
29, 3116,7733,72
0, 0,0,0
353, 2945,6776,876
0, 0,0,0
417, 2865,6709,959
0, 0,0,0
0, 0,0,0
0, 0,0,0
340, 2900,6873,837
31, 3205,7645,69
0, 0,0,0
415, 2940,6655,940
0, 0,0,0
384, 2841,6861,864
26, 3238,7605,81
0, 0,0,0
32, 3291,7563,64
377, 2916,6844,813
33, 3236,7610,71
379, 2942,6791,838
24, 3181,7666,79
366, 2954,6762,868
19, 3229,7620,82
41, 3248,7601,60
419, 2901,6741,889
37, 3317,7526,70
0, 0,0,0
26, 3231,7617,76
34, 3285,7567,64
0, 0,0,0
0, 0,0,0
0, 0,0,0
25, 3194,7654,77
0, 0,0,0
349, 2900,6792,909
0, 0,0,0
354, 2914,6777,905
388, 2875,6791,896
0, 0,0,0
37, 3273,7574,66
0, 0,0,0
26, 3211,7637,76
31, 3219,7631,69
354, 2936,6829,831
0, 0,0,0
384, 2994,6772,800
34, 3216,7622,78
39, 3236,7606,69
28, 3233,7624,65
363, 2928,6812,847
28, 3255,7592,75
27, 3342,7512,69
341, 2998,6772,839
24, 3246,7621,59
0, 0,0,0
28, 3257,7601,64
368, 2884,6794,904
31, 3247,7597,75
373, 2936,6817,824
377, 2943,6750,880
378, 2954,6769,849
0, 0,0,0
19, 3277,7579,75
0, 0,0,0
19, 2151,8696,84
29, 2207,8642,72
29, 2199,8642,80
0, 0,0,0
21, 2162,8694,73
0, 0,0,0
0, 0,0,0
0, 0,0,0
0, 0,0,0
0, 0,0,0
217, 1942,7851,940
238, 1888,7860,964
243, 1900,7837,970
233, 1904,7846,967
262, 1876,7816,996
20, 2169,8685,76
265, 1946,7711,1028
21, 2141,8708,80
0, 0,0,0
0, 0,0,0
0, 0,0,0
0, 0,0,0
236, 1947,7769,998
20, 2174,8658,98
247, 1938,7731,1034
262, 1941,7800,947
274, 1959,7767,950
19, 2125,8726,80
232, 1943,7773,1002
0, 0,0,0
23, 2141,8703,83
14, 2142,8696,98
267, 1969,7716,998
22, 2198,8649,81
273, 1957,7662,1058
0, 0,0,0
28, 2236,8613,73
22, 2159,8680,89
264, 1950,7740,996
18, 2199,8649,84
0, 0,0,0
0, 0,0,0
0, 0,0,0
261, 1916,7777,996
232, 2013,7768,937
21, 2180,8673,76
260, 1929,7759,1002
0, 0,0,0
233, 1910,7872,935
0, 0,0,0
0, 0,0,0
21, 2124,8712,93
16, 2200,8653,81
17, 2195,8653,85
250, 1964,7756,980
20, 2158,8692,80
236, 1908,7866,940
275, 1940,7699,1036
266, 1900,7859,925
277, 1952,7703,1018
0, 0,0,0
268, 1901,7812,969
0, 0,0,0
22, 2156,8694,78
254, 1897,7776,1023
0, 0,0,0
23, 2208,8648,71
259, 1995,7659,1037
257, 1937,7756,1000
252, 1908,7810,980
0, 0,0,0
240, 1868,7878,964
264, 1902,7767,1017
244, 1925,7812,969
25, 2104,8738,83
17, 2133,8725,75
0, 0,0,0
0, 0,0,0
18, 2147,8695,90
224, 1924,7877,925
0, 0,0,0
12, 2214,8644,80
0, 0,0,0
0, 0,0,0
0, 0,0,0
230, 1968,7805,947
255, 1961,7820,914
0, 0,0,0
245, 1977,7760,968
23, 2241,8617,69
10, 2163,8698,79
0, 0,0,0
0, 0,0,0
257, 1938,7683,1072
23, 2160,8692,75
233, 1941,7845,931
22, 2161,8690,77
251, 1939,7690,1070
266, 1910,7665,1109
229, 1984,7828,909
0, 0,0,0
0, 0,0,0
0, 0,0,0
18, 2151,8689,92
0, 0,0,0
17, 2163,8693,77
0, 0,0,0
233, 1943,7810,964
0, 0,0,0
0, 0,0,0
21, 2165,8682,82
22, 2262,8582,84
0, 0,0,0
0, 0,0,0
242, 1932,7747,1029
222, 1952,7781,995
16, 2220,8621,93
21, 2238,8610,81
0, 0,0,0
0, 0,0,0
249, 1980,7799,922
17, 2238,8610,85
0, 0,0,0
23, 2130,8719,78
25, 2077,8771,77
0, 0,0,0
20, 2147,8702,81
241, 1936,7812,961
211, 1880,7836,1023
15, 2180,8665,90
235, 2031,7685,999
19, 2263,8570,98
21, 2125,8715,89
0, 0,0,0
20, 2206,8632,92
20, 2215,8639,76
0, 0,0,0
245, 1980,7693,1032
0, 0,0,0
258, 1931,7722,1039
0, 0,0,0
0, 0,0,0
236, 2002,7777,935
15, 2200,8652,83
0, 0,0,0
275, 1920,7724,1031
0, 0,0,0
267, 1954,7660,1069
226, 1979,7769,976
257, 1996,7787,910
250, 1914,7863,923
0, 0,0,0
241, 2005,7778,926
21, 2204,8654,71
256, 1882,7696,1116
0, 0,0,0
20, 2159,8686,85
18, 2163,8683,86
0, 0,0,0
17, 2165,8684,84
22, 2185,8672,71
251, 1987,7737,975
15, 2176,8682,77
18, 2179,8661,92
0, 0,0,0
0, 0,0,0
243, 1910,7684,1113
18, 2236,8607,89
241, 1949,7791,969
237, 1935,7761,1017
16, 2209,8646,79
240, 1896,7809,1005
22, 2211,8643,74
15, 2202,8646,87
21, 2197,8659,73
0, 0,0,0
227, 1871,7913,939
0, 0,0,0
0, 0,0,0
0, 0,0,0
245, 1939,7807,959
0, 0,0,0
0, 0,0,0
0, 0,0,0
0, 0,0,0
16, 2101,8749,84
18, 2165,8688,79
0, 0,0,0
259, 1933,7686,1072
0, 0,0,0
14, 2186,8675,75
20, 2171,8677,82
14, 2243,8611,82
19, 2172,8678,81
22, 2152,8701,75
17, 2198,8656,79
21, 2223,8634,72
22, 2219,8621,88
0, 0,0,0
259, 1912,7825,954
0, 0,0,0
16, 2103,8747,84
269, 1861,7788,1032
0, 0,0,0
0, 0,0,0
14, 2151,8706,79
0, 0,0,0
237, 2013,7751,949
31, 2150,8697,72
17, 2171,8693,69
284, 1968,7614,1084
248, 1972,7700,1030
0, 0,0,0
22, 2151,8696,81
248, 2006,7741,955
269, 1908,7700,1073
18, 2224,8634,74
0, 0,0,0
15, 2182,8665,88
0, 0,0,0
0, 0,0,0
226, 1995,7832,897
0, 0,0,0
20, 2223,8626,81
262, 1870,7811,1007
20, 2187,8677,66
278, 1949,7720,1003
0, 0,0,0
27, 2158,8676,89
260, 2009,7744,937
215, 1992,7753,990
20, 2223,8627,80
217, 1955,7805,973
22, 2251,8594,83
18, 2238,8614,80
0, 0,0,0
0, 0,0,0
264, 1894,7723,1069
252, 1958,7825,915
0, 0,0,0
15, 2197,8662,76
247, 1997,7761,945
226, 1954,7811,959
19, 2114,8743,74
0, 0,0,0
20, 2211,8625,94
29, 2083,8755,83
23, 2186,8659,82
0, 0,0,0
244, 1985,7778,943
17, 2166,8688,79
0, 0,0,0
0, 0,0,0
0, 0,0,0
0, 0,0,0
0, 0,0,0
264, 1950,7741,995
262, 1913,7867,908
20, 2159,8678,93
0, 0,0,0
274, 1978,7758,940
16, 2212,8648,74
17, 2188,8658,87
25, 2148,8692,85
0, 0,0,0
259, 1885,7770,1036
245, 1982,7689,1034
18, 2224,8640,68
17, 2199,8646,88
20, 2095,8760,75
19, 2209,8643,79
0, 0,0,0
0, 0,0,0
267, 1941,7722,1020
0, 0,0,0
11, 2203,8641,95
252, 1959,7738,1001
0, 0,0,0
14, 2139,8712,85
0, 0,0,0
237, 1959,7750,1004
265, 1933,7779,973
0, 0,0,0
238, 1881,7787,1044
260, 1944,7759,987
0, 0,0,0
27, 2221,8629,73
23, 2120,8730,77
246, 1932,7817,955
224, 1909,7829,988
227, 1907,7884,932
18, 2159,8688,85
241, 1976,7797,936
17, 2211,8644,78
0, 0,0,0
0, 0,0,0
0, 0,0,0
287, 1926,7646,1091
255, 1989,7664,1042
0, 0,0,0
122, 991,8735,1102
137, 940,8726,1147
0, 0,0,0
0, 0,0,0
146, 993,8689,1122
0, 0,0,0
0, 0,0,0
121, 963,8715,1151
0, 0,0,0
148, 924,8718,1160
9, 1032,9820,89
129, 999,8723,1099
0, 0,0,0
132, 949,8718,1151
111, 1020,8749,1070
111, 968,8810,1061
0, 0,0,0
0, 0,0,0
0, 0,0,0
0, 0,0,0
0, 0,0,0
13, 1052,9802,83
139, 984,8681,1146
142, 972,8707,1129
0, 0,0,0
118, 959,8707,1166
8, 1020,9835,87
125, 986,8731,1108
106, 994,8753,1097
134, 974,8660,1182
12, 1043,9818,77
0, 0,0,0
7, 1082,9766,95
17, 1054,9788,91
8, 1099,9748,95
0, 0,0,0
0, 0,0,0
97, 959,8781,1113
8, 1095,9754,93
109, 937,8751,1153
10, 1062,9797,81
137, 1026,8761,1026
119, 932,8820,1079
129, 1040,8757,1024
129, 924,8832,1065
125, 948,8743,1134
128, 966,8718,1138
0, 0,0,0
140, 941,8776,1093
6, 1127,9738,79
0, 0,0,0
105, 1009,8710,1126
0, 0,0,0
0, 0,0,0
0, 0,0,0
0, 0,0,0
7, 1117,9740,86
8, 1122,9721,99
5, 1137,9712,96
119, 951,8815,1065
129, 987,8764,1070
120, 992,8704,1134
0, 0,0,0
131, 969,8717,1133
12, 1091,9754,93
0, 0,0,0
8, 1080,9776,86
5, 1079,9791,75
126, 1022,8688,1114
0, 0,0,0
12, 1033,9817,88
0, 0,0,0
0, 0,0,0
101, 923,8871,1055
0, 0,0,0
0, 0,0,0
11, 1116,9731,92
115, 1018,8759,1058
10, 1080,9776,84
0, 0,0,0
12, 1101,9743,94
154, 944,8775,1077
15, 1078,9766,91
0, 0,0,0
0, 0,0,0
0, 0,0,0
8, 1091,9760,91
18, 1024,9816,92
0, 0,0,0
0, 0,0,0
14, 1049,9798,89
127, 953,8783,1087
9, 1052,9799,90
0, 0,0,0
0, 0,0,0
8, 1087,9755,100
117, 952,8817,1064
118, 984,8762,1086
110, 1016,8733,1091
0, 0,0,0
9, 1107,9738,96
148, 931,8645,1226
8, 1102,9745,95
9, 1084,9762,95
13, 1062,9781,94
128, 943,8734,1145
15, 1072,9781,82
136, 1030,8660,1124
10, 1106,9741,93
10, 1102,9744,94
116, 973,8630,1231
0, 0,0,0
0, 0,0,0
7, 1033,9817,93
8, 1124,9718,100
7, 1137,9708,98
0, 0,0,0
13, 1077,9766,94
109, 1016,8791,1034
0, 0,0,0
6, 1066,9789,89
10, 1100,9744,96
0, 0,0,0
120, 1019,8695,1116
119, 946,8726,1159
12, 1081,9770,87
0, 0,0,0
0, 0,0,0
6, 1071,9799,74
8, 1067,9777,98
117, 1021,8714,1098
0, 0,0,0
10, 1050,9791,99
6, 1079,9759,106
15, 1043,9787,105
10, 1116,9730,94
109, 1009,8725,1107
13, 1037,9816,84
6, 1096,9757,91
0, 0,0,0
0, 0,0,0
0, 0,0,0
0, 0,0,0
0, 0,0,0
10, 1168,9677,95
0, 0,0,0
15, 1095,9735,105
106, 989,8853,1002
120, 981,8719,1130
123, 961,8776,1090
0, 0,0,0
11, 1090,9757,92
0, 0,0,0
84, 1022,8725,1119
14, 1084,9771,81
0, 0,0,0
0, 0,0,0
0, 0,0,0
9, 1084,9757,100
112, 946,8763,1129
122, 1002,8711,1115
122, 984,8768,1076
0, 0,0,0
4, 1095,9753,98
8, 1077,9779,86
14, 1088,9763,85
13, 1066,9780,91
12, 1092,9761,85
0, 0,0,0
0, 0,0,0
0, 0,0,0
118, 1016,8640,1176
137, 1023,8642,1148
8, 1111,9742,89
0, 0,0,0
3, 1096,9758,93
0, 0,0,0
120, 965,8793,1072
124, 957,8715,1154
0, 0,0,0
0, 0,0,0
17, 1134,9714,85
126, 1028,8791,1005
9, 1037,9814,90
0, 0,0,0
10, 1108,9738,94
0, 0,0,0
0, 0,0,0
12, 1116,9729,93
10, 1075,9773,92
12, 1049,9804,85
117, 947,8781,1105
124, 947,8787,1092
12, 1129,9715,94
14, 1141,9716,79
7, 1099,9753,91
115, 933,8761,1141
0, 0,0,0
9, 1072,9774,95
12, 1134,9709,95
125, 1007,8759,1059
134, 998,8677,1141
8, 1068,9772,102
107, 983,8666,1194
10, 1082,9766,92
0, 0,0,0
135, 911,8676,1228
131, 1009,8659,1151
9, 1083,9759,99
10, 1100,9752,88
135, 981,8696,1138
7, 1130,9718,95
7, 1152,9706,85
133, 953,8795,1069
137, 991,8680,1142
0, 0,0,0
6, 1060,9789,95
0, 0,0,0
5, 1050,9784,111
10, 1026,9818,96
121, 974,8733,1122
110, 984,8722,1134
14, 1112,9729,95
12, 1103,9752,83
0, 0,0,0
126, 947,8694,1183
11, 1093,9753,93
137, 986,8670,1157
0, 0,0,0
5, 1078,9777,90
0, 0,0,0
12, 1078,9771,89
115, 1024,8728,1083
0, 0,0,0
12, 1089,9759,90
0, 0,0,0
0, 0,0,0
0, 0,0,0
124, 1019,8738,1069
15, 1088,9761,86
107, 926,8912,1005
127, 967,8737,1119
123, 957,8669,1201
138, 969,8630,1213
10, 1101,9746,93
0, 0,0,0
130, 972,8746,1102
0, 0,0,0
110, 957,8780,1103
0, 0,0,0
8, 1071,9774,97
125, 958,8674,1193
124, 990,8654,1182
0, 0,0,0
0, 0,0,0
0, 0,0,0
14, 1034,9813,89
128, 947,8768,1107
135, 953,8680,1182
127, 989,8823,1011
6, 1095,9750,99
0, 0,0,0
0, 0,0,0
116, 1012,8722,1100
10, 1091,9760,89
10, 1062,9789,89
0, 0,0,0
0, 0,0,0
9, 1077,9751,113
0, 0,0,0
119, 964,8776,1091
12, 1076,9772,90
11, 1092,9752,95
134, 971,8726,1119
0, 0,0,0
126, 955,8707,1162
0, 0,0,0
11, 1097,9767,75
123, 948,8757,1122
139, 954,8686,1171
121, 975,8649,1205
0, 0,0,0
15, 1151,9689,95
0, 0,0,0
0, 0,0,0
0, 0,0,0
0, 0,0,0
0, 0,0,0
126, 1052,8744,1028
0, 0,0,0
11, 1109,9755,75
122, 973,8722,1133
120, 971,8684,1175
114, 963,8739,1134
120, 972,8722,1136
105, 1017,8830,998
0, 0,0,0
11, 1136,9721,82
0, 0,0,0
116, 947,8728,1159
